﻿<?xml version="1.0" encoding="utf-8" ?>
<Medium>
  <Question>
    <Number>0.16+2=18</Number>
  </Question>
  <Question>
    <Number>1.20+6=26</Number>
  </Question>
  <Question>
    <Number>2.7+7=14</Number>
  </Question>
  <Question>
    <Number>3.16-6=10</Number>
  </Question>
  <Question>
    <Number>4.16-10=6</Number>
  </Question>
  <Question>
    <Number>5.30-15=15</Number>
  </Question>
  <Question>
    <Number>6.6x4=24</Number>
  </Question>
  <Question>
    <Number>7.5x6=30</Number>
  </Question>
  <Question>
    <Number>8.3x5=15</Number>
  </Question>
  <Question>
    <Number>9.30-10=20</Number>
  </Question>
</Medium>
