﻿<?xml version="1.0" encoding="utf-8" ?>
<Beginner>
  <Question>
    <Number>0.1+1=2</Number>
  </Question>
  <Question>
    <Number>1.3+1=4</Number>
  </Question>
  <Question>
    <Number>2.2+3=5</Number>
  </Question>
  <Question>
    <Number>3.5-1=4</Number>
  </Question>
  <Question>
    <Number>4.6-3=3</Number>
  </Question>
  <Question>
    <Number>5.2-1=1</Number>
  </Question>
  <Question>
    <Number>6.2x2=4</Number>
  </Question>
  <Question>
    <Number>7.3x1=3</Number>
  </Question>
  <Question>
    <Number>8.1x1=1</Number>
  </Question>
  <Question>
    <Number>9.2+2=4</Number>
  </Question>
</Beginner>
