﻿<?xml version="1.0" encoding="utf-8" ?>
<Medium>
  <Question>
    <Number>0.18+2=20</Number>
  </Question>
  <Question>
    <Number>1.10+6=16</Number>
  </Question>
  <Question>
    <Number>2.8+5=13</Number>
  </Question>
  <Question>
    <Number>3.17-7=10</Number>
  </Question>
  <Question>
    <Number>4.15-10=5</Number>
  </Question>
  <Question>
    <Number>5.28-14=14</Number>
  </Question>
  <Question>
    <Number>6.6x4=24</Number>
  </Question>
  <Question>
    <Number>7.5x6=30</Number>
  </Question>
  <Question>
    <Number>8.3x5=15</Number>
  </Question>
  <Question>
    <Number>9.20-10=10</Number>
  </Question>
</Medium>
